{"cameraMode":{"drawMode":0,"name":"Shaded","section":"Shading Mode"},"sceneLighting":true,"audioPlay":false,"sceneViewState":{"showFog":true,"showMaterialUpdate":false,"showSkybox":true,"showFlares":true,"showImageEffects":true,"showParticleSystems":true,"showVisualEffectGraphs":true},"in2DMode":false,"pivot":{"x":0.5987759828567505,"y":0.33547812700271609,"z":0.0091552734375},"rotation":{"x":0.39934733510017397,"y":-0.02749757282435894,"z":0.011983822099864483,"w":0.9163109660148621},"size":9.294392585754395,"orthographic":true}