{"cameraMode":{"drawMode":0,"name":"Shaded","section":"Shading Mode"},"sceneLighting":true,"audioPlay":false,"sceneViewState":{"showFog":true,"showMaterialUpdate":false,"showSkybox":true,"showFlares":true,"showImageEffects":true,"showParticleSystems":true,"showVisualEffectGraphs":true},"in2DMode":false,"pivot":{"x":967.597412109375,"y":392.20513916015627,"z":-140.43051147460938},"rotation":{"x":0.009871541522443295,"y":0.9900376200675964,"z":-0.092339888215065,"w":0.10583946108818054},"size":3441.869873046875,"orthographic":true}